{
  "isolation_forest": {
    "name": "Isolation Forest",
    "precision": 0.8673469387755102,
    "recall": 0.9042553191489362,
    "f1_score": 0.8854166666666666,
    "accuracy": 0.9941333333333333,
    "roc_auc": 0.9987516876949579,
    "avg_precision": 0.9637996199821692,
    "confusion_matrix": [
      [
        3643,
        13
      ],
      [
        9,
        85
      ]
    ],
    "train_time": 0.74
  },
  "random_forest": {
    "name": "Random Forest",
    "precision": 1.0,
    "recall": 1.0,
    "f1_score": 1.0,
    "accuracy": 1.0,
    "roc_auc": 1.0,
    "avg_precision": 0.9999999999999999,
    "confusion_matrix": [
      [
        3656,
        0
      ],
      [
        0,
        94
      ]
    ],
    "train_time": 3.63,
    "feature_importances": [
      0.001973879930884436,
      0.0006020934893078145,
      4.096169462784818e-05,
      0.003946542929645171,
      0.06097168108241778,
      0.000537714770215854,
      0.04130143063127311,
      0.012743461003996696,
      0.08936090398505812,
      0.1836461403983377,
      0.1407430778837776,
      3.9224270929319956e-05,
      0.04110554699345847,
      0.013162882202234796,
      0.013344228984233155,
      0.28709644416015623,
      0.00026950499453846927,
      0.02681811726879291,
      0.08228983087187132,
      6.3324542432720865e-06
    ]
  },
  "xgboost": {
    "name": "XGBoost",
    "precision": 1.0,
    "recall": 1.0,
    "f1_score": 1.0,
    "accuracy": 1.0,
    "roc_auc": 0.9999999999999999,
    "avg_precision": 1.0,
    "confusion_matrix": [
      [
        3656,
        0
      ],
      [
        0,
        94
      ]
    ],
    "train_time": 1.51,
    "feature_importances": [
      0.0010462760692462325,
      0.008662862703204155,
      0.0019701472483575344,
      0.0008601886802352965,
      0.007892216555774212,
      0.00020359997870400548,
      0.002493253443390131,
      0.0017760404152795672,
      0.008750163950026035,
      0.03913228213787079,
      0.08405661582946777,
      8.833198080537841e-05,
      0.0014079854590818286,
      0.0,
      0.002762699732556939,
      0.8224388957023621,
      0.0047398097813129425,
      0.0037035627756267786,
      0.008015054278075695,
      0.0
    ]
  }
}